{"train/lr":6.083231989205545e-05,"perf/tokens_per_sec":17626.34463121448,"train/loss":4.775758743286133,"train/grad_norm":0.4020232856273651,"_wandb":{"runtime":1564},"_runtime":1564.490060944,"_timestamp":1.7829516000586061e+09,"_step":49,"perf/mfu":0.15831051667043833,"val/loss":5.650285339355468}