{"train/lr":6.083231989205545e-05,"_step":49,"train/loss":4.3063883781433105,"perf/tokens_per_sec":17972.59117744392,"perf/mfu":0.16142032025001127,"_runtime":1523.771417152,"val/loss":5.2512177467346195,"train/grad_norm":0.9207960963249207,"_wandb":{"runtime":1523},"_timestamp":1.7828614781601338e+09}