{"train/loss":6.313238143920898,"_step":14,"_runtime":465.456138426,"perf/tokens_per_sec":19501.960454433265,"train/lr":0.0005867852593996914,"_wandb":{"runtime":465},"train/grad_norm":0.5690016746520996,"_timestamp":1.7828590429479077e+09,"perf/mfu":0.17515413132464822}