{"_wandb":{"runtime":1119},"train/loss":5.268943786621094,"train/grad_norm":0.653911828994751,"_timestamp":1.7827788049133186e+09,"_step":36,"val/loss":5.7069581031799315,"perf/mfu":0.16918127865482793,"train/lr":0.00020742256507032234,"_runtime":1119.476498779,"perf/tokens_per_sec":18836.932825989312}